provenance,postcode,price,street_name,bedroom_number,crimerank
belvoir_61,M13 0RH,750,"34 Navigation Street,",1,1470
belvoir_195,M13 0RH,495,Whitworth Street,2,1470
onthemarket_0,M3 1DY,179950,Houldsworth Street,2,1467
onthemarket_1,M3 1NN,225000,Tempus Tower,2,1467
onthemarket_2,M3 4BB,234950,Dale Street,2,23205
onthemarket_3,M1 5ND,462500,Faraday Street,2,4783
onthemarket_4,M1 5WG,289950,The Hacienda,2,4783
onthemarket_5,M1 5NG,250000,W3,2,4783
onthemarket_6,M4 1HP,329950,Icon 25,3,34
onthemarket_7,M1 5DD,462500,W3 Building,2,4783
belvoir_68,M1 5DD,2700,Lever Street,2,4783
onthemarket_8,M1 5BY,182500,MacIntosh Mills,2,2461
agent_4,M1 5BY,950000,"B6, Manchester, M1 5BY",2,2461
agent_14,M1 5BY,895,Houldsworth Street,1,2461
onthemarket_9,M1 5NP,197500,Newton Street,2,2461
onthemarket_10,M15 4TL,182500,The Nile,2,3182
zoopla_13,M15 4TL,190000,"Houldsworth Street, Great Ancoats Street",2,3182
onthemarket_11,M1 2JN,175000,Newton Street,2,1245
onthemarket_12,M3 3AT,399950,Leftbank,2,9783
onthemarket_13,M3 3AA,285000,2,2,9783
onthemarket_14,M3 3HF,209950,Leftbank,1,9783
onthemarket_15,M1 7DP,13000,Parking Space,0,2892
onthemarket_16,M3 4JJ,165000,Newton Street,2,23205
onthemarket_17,M15 4QE,182500,The Nile,2,796
onthemarket_18,M1 2JQ,185000,Newton Street,2,1245
onthemarket_19,M3 4AN,193500,Rossetti Place,2,23205
onthemarket_20,M3 4AP,153000,Dale Street,1,23205
onthemarket_21,M3 4NJ,179500,Dale Street,2,796
onthemarket_22,M1 3DA,145000,Stevenson Square,1,708
belvoir_65,M1 3DA,1200,Lever Street,2,708
onthemarket_23,M4 1PE,129950,City Lofts,1,9783
belvoir_20,M4 1PE,395000,Lever Street,2,9783
onthemarket_24,M1 5QJ,92500,Quadrangle,1,209
onthemarket_25,M1 7AB,127950,Velvet Court,1,209
onthemarket_26,M1 7BD,123999,Newton Street,1,2461
onthemarket_27,M1 1FT,125000,The Wentwood,1,708
onthemarket_28,M4 1ED,159950,Icon 25,2,9783
onthemarket_29,M4 1HQ,164950,Icon 25,2,34
onthemarket_30,M4 1FS,174950,Icon 25,2,753
onthemarket_31,M3 4EP,1350,Great Northern Tower,2,4783
rightmove_11,M3 4EP,nan,"Great Northern Tower 20th Floor, Central, Manchester",3,4783
onthemarket_32,M3 4EH,1400,Great Northern Tower,2,4783
onthemarket_33,M1 5BD,1600,Hilton Street,2,4783
belvoir_72,M1 5BD,1200,Hilton Street,2,4783
onthemarket_34,M1 5WQ,2250,Whitworth House,3,12168
belvoir_16,M1 5WQ,259995,Oldham Street,2,12168
belvoir_157,M1 5WQ,nan," More Landlords Required!!!!,",183,12168
onthemarket_35,M2 4AD,125000,Spear Street,1,9783
onthemarket_36,M3 2BW,1650,Beetham Tower,2,9783
rightmove_93,M3 2BW,995,Piccadilly,2,9783
onthemarket_37,M3 4LY,1395,Beetham Tower,2,15184
onthemarket_39,M1 3DB,1395,The Hub,2,708
onthemarket_40,M3 4NA,20000,Parking Spaces,2,15184
onthemarket_41,M2 4WU,2850,Piccadilly,2,9783
rightmove_49,M2 4WU,nan,Chapeltown Street,nan,9783
onthemarket_42,M2 4LQ,2200,Jutland Street,2,9783
rightmove_52,M2 4LQ,nan,Chapeltown Street,nan,9783
onthemarket_43,M3 3BZ,1795,Leftbank,2,9783
onthemarket_44,M8 0LA,1225,Jewel House,1,1589
onthemarket_45,M1 2WH,240000,Quantum,3,7263
onthemarket_46,M3 1PJ,134950,Tempus Tower,1,1467
onthemarket_47,M3 4LP,1595,Great Northern Tower,2,4783
rightmove_5,M3 4LP,nan,"Great Northern Tower 20th Floor, Central, Manchester",3,4783
onthemarket_48,M3 4EF,1400,Great Northern Tower,2,4783
onthemarket_49,M3 1NG,1300,Tempus Tower,3,1467
belvoir_0,M22 0AD,149950,Brewer Street,2,13187
belvoir_1,M21 0YA,575000,Hilton Street,5,14965
belvoir_2,M16 8FS,180000,Port Street,2,8079
belvoir_3,M16 0DZ,195000,Hilton Street,2,5726
belvoir_4,M16 0DZ,195000,Hilton Street,2,5726
belvoir_14,M16 0DZ,200000,Tariff Street,2,5726
belvoir_29,M16 0DZ,210000,Tariff Street,2,5726
belvoir_30,M16 0DZ,210000,Port Street,2,5726
belvoir_31,M16 0DZ,210000,Brewer Street,2,5726
belvoir_5,M16 0BU,465000,Tariff Street,4,5726
belvoir_7,M13 0RH,100000,Tariff Street,2,1470
belvoir_8,M13 0RH,380825,Dale Street,3,1470
belvoir_19,M13 0RH,169950,Dale Street,2,1470
belvoir_55,M13 0RH,775,Dale Street,2,1470
belvoir_62,M13 0RH,895,"34 Navigation Street,",2,1470
belvoir_69,M13 0RH,3500,Piccadilly,3,1470
belvoir_86,M13 0RH,1395,"Avro House,						Navigation Street,",3,1470
belvoir_94,M13 0RH,850,"Piccadilly, Ducie Street",2,1470
belvoir_121,M13 0RH,950,Ducie Street,2,1470
belvoir_127,M13 0RH,725,Ducie Street,2,1470
belvoir_147,M13 0RH,675,Laystall Street,3,1470
belvoir_170,M13 0RH,85000,Ducie Street,2,1470
belvoir_171,M13 0RH,492500,Ducie Street,5,1470
belvoir_172,M13 0RH,895,Sparkle Street,3,1470
belvoir_173,M13 0RH,nan,Sheffield Street,3,1470
belvoir_174,M13 0RH,175000,Chapeltown Street,2,1470
belvoir_175,M13 0RH,249950,"Navigation Street,",3,1470
belvoir_176,M13 0RH,500,Adair Street,1,1470
belvoir_177,M13 0RH,170000,"Helmet Street, Fairfield Street",2,1470
belvoir_178,M13 0RH,239950,Helmet Street,2,1470
belvoir_179,M13 0RH,nan,"Piccadilly, Dale Street",2,1470
belvoir_180,M13 0RH,725,Dale Street,2,1470
belvoir_181,M13 0RH,675,Piccadilly,3,1470
belvoir_182,M13 0RH,950,Baring Street,1,1470
belvoir_183,M13 0RH,675,"Lymouth Court,",3,1470
belvoir_184,M13 0RH,9,"Cleminson Street,",2,1470
belvoir_185,M13 0RH,10,Ducie Street,4,1470
belvoir_186,M13 0RH,1695,Store Street,2,1470
belvoir_187,M13 0RH,11,Store Street,2,1470
belvoir_188,M13 0RH,550,Chapeltown Street,3,1470
belvoir_189,M13 0RH,1500,"Longacre Street, Churchgate Buildings",2,1470
belvoir_190,M13 0RH,1275,Longacre Street,2,1470
belvoir_191,M13 0RH,850,"Leftbank,						Spinningfields,",1,1470
belvoir_192,M13 0RH,750,Heyrod Street,1,1470
belvoir_193,M13 0RH,695,Portugal Street East,1,1470
belvoir_194,M13 0RH,795,Portugal Street East,2,1470
belvoir_196,M13 0RH,1400,Portland Street,4,1470
belvoir_197,M13 0RH,12,Piccadilly,4,1470
belvoir_198,M13 0RH,860,"Flint Glass Wharf,						Ancoats,",2,1470
belvoir_199,M13 0RH,500,London Road,2,1470
belvoir_200,M13 0RH,550,Piccadilly,3,1470
belvoir_201,M13 0RH,895,Piccadilly,3,1470
belvoir_202,M13 0RH,725,Aytoun Street,3,1470
belvoir_203,M13 0RH,500,Aytoun Street,1,1470
belvoir_204,M13 0RH,13,Minshull Street,1,1470
belvoir_205,M13 0RH,600,Minshull Street,2,1470
belvoir_206,M13 0RH,675,Minshull Street,3,1470
belvoir_207,M13 0RH,860,"Leftbank,						Spinningfields,",1,1470
belvoir_208,M13 0RH,1350,Chorlton Street,1,1470
belvoir_209,M13 0RH,675,"Ranlesham Street,						Prestwich,",3,1470
belvoir_9,M21 0AU,425000,Chorlton Street,3,10595
belvoir_10,M21 8DN,385000,Granby Row,3,4966
belvoir_11,M21 8DN,375000,Fairfield Street,3,4966
belvoir_12,M22 4JZ,125000,Whitworth Street,2,4209
belvoir_13,M15 6AZ,147500,Canal Street,2,1755
belvoir_96,M15 6AZ,850,Richmond Street,2,1755
belvoir_15,M9 7HQ,112000,"Freshfields,
						Spindletree Ave,",2,11291
belvoir_56,M9 7HQ,575,"Spindletree Avenue,",2,11291
belvoir_17,M9 7JA,125000,Chorlton Street,2,16455
belvoir_18,M21 7WH,110000,"Maitland Avenue,
						Chorlton,",2,5107
belvoir_22,M4 4BJ,140000,Bloom Street,2,753
belvoir_24,M4 4TG,86000,Bloom Street,182,12320
rightmove_53,M4 4TG,850,Portland Street,2,12320
belvoir_25,M16 8HA,675,Portland Street,2,14965
belvoir_26,M1 6HR,115000,Bloom Street,1,708
belvoir_27,M1 5TF,200000,"The Foundry,
						Lower Chatham Street,",2,2461
belvoir_28,M15 4QG,265000,Sackville Street,2,15184
belvoir_34,M14 5BB,585,Sackville Street,1,5904
belvoir_60,M14 5BB,795,"Sackville Street, Altrincham Street",3,5904
belvoir_70,M14 5BB,650,Altrincham Street,2,5904
belvoir_99,M14 5BB,650,Whitworth Street,2,5904
belvoir_113,M14 5BB,675,Whitworth Street,2,5904
belvoir_36,M4 4BZ,125000,Brazil Street,2,12320
belvoir_126,M4 4BZ,775,Brazil Street,2,12320
belvoir_37,M15 4TD,160000,Sackville Street,2,12168
belvoir_97,M15 4TD,1100,Richmond Street,2,12168
belvoir_38,M19 2LZ,995,Canal Street,3,6941
belvoir_40,M9 8QB,725,Sackville Street,3,4731
belvoir_135,M9 8QB,500,Whitworth Street,2,4731
belvoir_139,M9 8QB,500,George Street,2,4731
belvoir_140,M9 8QB,500,York Street,2,4731
belvoir_148,M9 8QB,500,Piccadilly,2,4731
belvoir_153,M9 8QB,500,Charlotte Street,2,4731
belvoir_41,M21 9JN,825,Faulkner Street,2,14724
belvoir_42,M4 1PN,860,Pine Street,2,34
belvoir_44,M1 3PW,1550,Charlotte Street,2,708
belvoir_45,M9 8AS,550,"Hilbury Avenue,",2,2156
belvoir_46,M4 4FQ,950,Faulkner Street,2,17255
belvoir_47,M18 7TP,650,Nicholas Street,3,6408
belvoir_48,M4 6AH,950,Charlotte Street,2,733
belvoir_49,M9 8DR,395,"Old School Court,						Blackley,",1,3074
belvoir_163,M9 8DR,8,"Old School Court,						2 Old School Drive,",1,3074
belvoir_51,M15 6BN,375,"Cavendish Hall,						Cavendish Street,",1,8522
belvoir_91,M15 6BN,375,"Cavendish Hall,						Cavendish Street,",1,8522
belvoir_52,M9 8QA,600,Faulkner Street,2,3074
belvoir_53,M21 0RD,1400,Charlotte Street,4,2417
belvoir_54,M8 4NA,500,Portland Street,2,176
belvoir_158,M8 4NA,6,"Sourh Lodge,						Crumpsall,",2,176
belvoir_160,M8 4NA,550,"Middleton Court,						Crumpsall,",3,176
belvoir_57,M13 9DP,1300,George Street,4,12632
belvoir_58,M4 4BW,750,George Street,2,12320
belvoir_63,M4 4BW,775,Princess Street,2,12320
belvoir_119,M4 4BW,775,Nicholas Street,2,12320
belvoir_149,M4 4BW,850,Charlotte Street,2,12320
rightmove_64,M4 4BW,900,Princess Street,2,12320
belvoir_59,M16 8AU,895,"Railton Avenue,						Whalley Range,",3,4203
belvoir_64,M21 7BD,1150,Princess Street,4,5044
belvoir_66,M15 6FD,1100,"114 Boundry Lane,",3,6906
belvoir_67,M14 5RH,925,Princess Street,3,2823
belvoir_71,M15 5AX,775,Dickinson Street,2,3277
belvoir_73,M1 6BD,1100,Oxford Street,2,2461
belvoir_74,M1 5QE,1200,Portland Street,2,209
belvoir_75,M4 6JW,950,Portland Street,2,733
belvoir_82,M4 6JW,950,Portland Street,2,733
belvoir_76,M8 4FL,725,Portland Street,3,6320
belvoir_77,M4 4AJ,950,Portland Street,2,17255
belvoir_78,M20 4NE,585,Portland Street,1,1798
belvoir_79,M8 8YE,600,Oxford Street,2,3501
belvoir_80,M15 4QU,0,Great Marlborough Street,3,12168
belvoir_165,M15 4QU,950,Oxford Street,2,12168
belvoir_81,M8 8BT,600,Whitworth Street West,2,3501
belvoir_83,M8 8BJ,600,Whitworth Street,2,2840
belvoir_84,M15 4LG,775,Whitworth Street West,1,23205
belvoir_85,M13 0NW,675,Whitworth Street,2,957
belvoir_87,M4 7AJ,950,River Street,2,3998
belvoir_88,M15 6GH,795,"St Philips Court,						Loxford Street, Hulme,",2,6906
belvoir_89,M15 5JP,750,Cambridge Street,2,3277
belvoir_142,M15 5JP,795,Cambridge Street,2,3277
belvoir_150,M15 5JP,795,Whitworth Street West,2,3277
zoopla_8,M15 5JP,125000,Whitworth Street West,2,3277
belvoir_92,M1 5EB,1400,Whitworth Street West,2,2461
belvoir_93,M15 5JR,795,Whitworth Street West,2,3277
belvoir_95,M4 4TJ,775,Whitworth Street West,2,12320
belvoir_98,M15 4TA,1100,Oxford Street,2,12168
belvoir_100,M15 5QH,1400,Great Bridgewater Street,4,4022
belvoir_101,M4 4AD,950,"Masson Place,						Hornbean Avenue ,",1,9684
belvoir_125,M4 4AD,775,Chester Street,2,9684
belvoir_102,M15 5JS,795,Cambridge Street,2,3277
belvoir_103,M40 9DH,725,Cambridge Street,3,4052
belvoir_105,M15 4QY,1150,Hulme Street,2,796
belvoir_106,M15 4QX,1275,Lower Mosley Street,2,12168
belvoir_109,M15 4QX,1550,Chepstow Street,3,12168
belvoir_116,M15 4QX,860,Great Bridgewater Street,2,12168
belvoir_107,M9 7GH,575,Great Bridgewater Street,2,16455
belvoir_108,M4 5BW,1,Albion Street,3,7263
belvoir_110,M11 1BE,795,"Trumpet Street, Deansgate",2,3219
belvoir_111,M1 5ED,2,Trumpet Street,2,2461
belvoir_112,M9 8NT,675,"Oakshaw Close,						Blackley,",3,3074
belvoir_115,M15 4TB,795,Whitworth Street West,2,12168
belvoir_117,M15 4QW,795,Wakefield Street,1,796
belvoir_118,M18 8GN,550,Whitworth Street West,3,4379
belvoir_122,M8 5DZ,500,Oxford Street,2,332
belvoir_123,M15 4QH,860,New Wakefield Street,1,796
belvoir_124,M4 4BG,600,"Strong,						Simpson Street,",1,753
belvoir_128,M4 6BU,575,"Lampwick Lane,",1,3998
belvoir_129,M9 8QE,550,Oxford Road,2,4731
belvoir_138,M9 8QE,600,Gloucester Street,2,4731
belvoir_151,M9 8QE,5,Lower Ormond Street,4,4731
belvoir_132,M9 8QD,500,Lower Ormond Street,2,4731
belvoir_133,M11 3TW,775,Gloucester Street,2,1174
belvoir_134,M40 5LH,550,"Alloway Walk,",3,704
belvoir_136,M21 0SF,585,Chester Street,1,6927
belvoir_137,M8 5EA,3,Great Marlborough Street,2,332
belvoir_141,M8 4JW,4,"Sharnbrook Walk,						Crumpsall,",1,10623
belvoir_143,M40 3AN,550,"Colclough Close,						Newton Heath,",3,812
belvoir_145,M9 8NJ,500,Whitworth Street West,2,3074
belvoir_152,M9 6HJ,550,Whitworth Street West,3,9643
belvoir_169,M9 6HJ,550,Princess Street,3,9643
belvoir_154,M9 8NW,550,Princess Street,3,3074
belvoir_155,M9 8NW,500,Princess Street,2,3074
belvoir_159,M8 0AR,600,Princess Street,2,7261
belvoir_161,M8 5QE,7,Harter Street,4,4828
belvoir_166,M8 4HG,500,Portland Street,2,332
belvoir_167,M21 0SD,nan," More Landlords Required!!!!,",184,6927
agent_3,M21 8DY,549950,Portland Street,3,4966
rightmove_0,M14 6HZ,395,#NAME?,1,9947
rightmove_1,M8 8US,3000,"Holborn Avenue, Manchester",nan,1589
rightmove_3,M20 2RQ,nan,Oxford Street,8,16648
rightmove_7,M21 7QU,nan,Oxford Street,6,5107
rightmove_8,M20 6XD,1400,Oxford Street,6,9389
rightmove_14,M22 4FR,1250,Oxford Road,7,6686
rightmove_23,M21 0UH,1050,Whitworth Street,nan,6927
rightmove_27,M12 5NL,1000,Oxford Street,nan,12001
rightmove_28,M20 2GN,995000,Whitworth Street,4,9389
rightmove_29,M14 6UD,995000,"Clifton Avenue, Fallowfield, Manchester, M14 ",19,1798
rightmove_30,M13 0FN,575,Princess Street,1,3973
rightmove_38,M20 2NU,927000,Princess Street,5,3347
rightmove_39,M21 9JH,930000,Oxford Street,nan,18940
rightmove_40,M13 0YL,950000,Princess Street,nan,1470
rightmove_41,M21 9JF,900000,Whitworth Street,nan,14724
rightmove_42,M1 6DE,925000,Princess Street,17,708
zoopla_12,M1 6DE,230000,"Asia House, Manchester, Greater Manchester M1",2,708
rightmove_45,M1 5QA,nan,Whitworth Street,nan,209
rightmove_46,M18 7LP,675,Whitworth Street,3,2497
rightmove_50,M40 8BG,575,Princess Street,3,882
rightmove_54,M1 1EA,nan,Princess Street,nan,708
rightmove_56,M15 6AP,775,Princess Street,2,8522
rightmove_57,M4 4DS,925,Oxford Street,2,12320
rightmove_59,M20 6FJ,595,Oxford Street,1,7628
rightmove_63,M22 8UA,495,Granby Row,2,4209
rightmove_66,M13 0JR,575,Princess Street,1,2823
rightmove_67,M20 4XQ,850,Princess Street,2,3997
rightmove_68,M14 6WN,505,Granby Row,1,952
rightmove_69,M19 3DQ,550,Granby Row,2,7936
rightmove_70,M13 0BB,1000,Granby Row,3,3973
rightmove_71,M14 6DD,1700,Bombay Street,4,3752
rightmove_73,M21 0AT,410,Samuel Ogden Street,1,10595
rightmove_74,M14 5LY,825,Granby Row,2,908
rightmove_75,M1 2HG,1200,Samuel Ogden Street,2,2892
rightmove_76,M13 9ER,1500,Charles Street,4,12632
rightmove_77,M1 3NF,1650,Charles Street,1,708
rightmove_80,M14 5AP,1400,Charles Street,4,1455
rightmove_82,M16 0BH,550,Oxford Road,4,11209
rightmove_83,M16 7RQ,575,Oxford Road,1,4203
rightmove_98,M16 7RQ,3200,Oxford Road,nan,4203
rightmove_84,M20 4ZD,450,Oxford Road,1,11303
rightmove_85,M16 0BQ,900,Oxford Road,3,11209
rightmove_86,M22 1UG,700,Oxford Road,2,10211
rightmove_87,M14 5QL,440,Princess Street,nan,5904
rightmove_91,M14 7JJ,850,Mancroft Walk,4,1969
rightmove_92,M1 6LT,800,Sidney Street,1,2461
rightmove_94,M14 4HL,780,Grosvenor Street,3,634
rightmove_95,M14 4FZ,780,Grosvenor Street,3,5085
rightmove_96,M13 0YG,750,Downing Street,3,1465
rightmove_97,M20 4ZE,395,Lockton Close,nan,11303
rightmove_99,M20 2UD,1250,Grosvenor Street,7,7499
rightmove_100,M22 4ET,725,Penfield Close,2,6686
rightmove_103,M1 7AG,nan,Litcham Close,nan,708
rightmove_105,M1 4LF,895,Bradford Road,2,708
rightmove_106,M20 6TD,650,Lind Street,nan,8015
rightmove_107,M20 6RX,900,"Ventnor Road, Didsbury, Manchester, M20 6RX",2,13551
rightmove_108,M1 6NG,995,Louisa Street,2,209
rightmove_109,M20 2UA,895000,Louisa Street,4,7499
rightmove_110,M2 4NH,2200,Cheadle Street,2,9783
rightmove_112,M2 2JG,nan,Cheadle Street,nan,9783
rightmove_113,M13 0FE,575,Harley Street,1,3973
rightmove_114,M13 0HY,575,Harley Street,1,2823
rightmove_115,M1 3LZ,800,Sandywell Street,1,708
rightmove_116,M1 3NJ,935,Crabtree Lane,2,209
rightmove_118,M1 3GW,775,Ashton Old Road,1,2892
zoopla_0,M4 4BR,229950,Wayne Street,2,753
zoopla_1,M60 0AG,200000,Old Lane,1,753
zoopla_2,M4 5BA,139995,Edge Lane,1,7263
zoopla_3,M4 5BB,149995,Bransford Road,1,1245
zoopla_4,M4 5BF,129995,Chariot Street,1,1245
zoopla_6,M4 5BS,180000,Salcombe Road,2,1245
zoopla_7,M15 4NP,202500,Wheler Street,2,796
zoopla_10,M4 7JA,180000,Brock Close,2,3998
zoopla_11,M1 3GY,140000,"Stonebridge House, Cobourg Street, Manchester M1",1,2892
zoopla_14,M1 5WW,229950,Wallwork Street,2,2461
zoopla_15,M15 4HZ,250000,Silverlace Avenue,1,1259
zoopla_17,M4 5BE,150000,Ashton Old Road,2,1245
zoopla_18,M4 4BA,240000,Ashton Old Road,2,753
zoopla_19,M4 4BB,169950,Ashton Old Road,1,753
cotswoldlettings_0,OX7 4NN,1275,Jubilee Cottages,2,29621
cotswoldlettings_15,OX7 4NN,1275,Jubilee Cottages,2,29621
cotswoldlettings_21,OX7 4NN,1275,Jubilee Cottages,2,29621
cotswoldlettings_1,OX7 5HB,825,Alfred Terrace,3,24997
cotswoldlettings_14,OX7 5HB,825,Alfred Terrace,3,24997
cotswoldlettings_2,OX7 6BP,1895,Oxton Street,4,31210
cotswoldlettings_25,OX7 6BP,1895,Neston Street,4,31210
cotswoldlettings_4,OX7 5BL,625,Silverlace Avenue,1,23731
cotswoldlettings_5,OX7 5EE,575,Ashton Old Road,1,24909
cotswoldlettings_6,OX7 5NT,800,Ashton Old Road,2,24909
cotswoldlettings_7,OX7 5TN,550,Dunthrop Road,1,23231
cotswoldlettings_9,OX7 5PR,950,Ashton Old Road,3,23231
cotswoldlettings_22,OX7 5PR,1200,Ashton Old Road,3,23231
cotswoldlettings_10,OX7 5NR,600,Ashton Old Road,1,24909
cotswoldlettings_16,OX7 4LB,895,Litchfield Close,3,29621
cotswoldlettings_17,OX7 5UW,795,Norton Park,2,24909
cotswoldlettings_18,OX7 5PX,875,Over Norton Park,31,23231
cotswoldlettings_27,OX7 5PX,1995,Over Norton Park,4,23231
cotswoldlettings_20,OX7 5DZ,1100,Ketton Close,4,23731
cotswoldlettings_23,OX7 5PT,1775,Beeth Street,4,23231
oxlets_37,OX7 5PT,750,Ackroyd Street,3,23231
jpknight_0,OX10 0LR,650000,Lees Street,0,25710
jpknight_20,OX10 0LR,650000,Reading Close,10,25710
jpknight_1,OX10 9LB,850000,Lees Street,17,18506
jpknight_125,OX10 9LB,250000,Varna Street,65,18506
jpknight_2,OX11 9BG,950000,Evenley Close,1934,22228
jpknight_13,OX11 9BG,899950,Mill Street,3,22228
jpknight_3,OX11 9DD,785000,Mill Street,0,30917
jpknight_14,OX11 9DD,785000,Clayton Lane,4,30917
jpknight_38,OX11 9DD,449950,Herne Street,4,30917
jpknight_47,OX11 9DD,449950,Goole Street,27,30917
jpknight_4,OX11 9EG,1295,Winslow Street,1920,30917
jpknight_5,OX11 9EG,680000,Wilson Street,5,30917
jpknight_15,OX11 9EG,680000,Pitman Close,5,30917
jpknight_16,OX11 9EG,1295,Selby Street,6,30917
jpknight_10,OX10 6HQ,750000,Gorton Road,0,32065
jpknight_11,OX10 7EU,699950,Kelbrook Road,1,28408
jpknight_12,OX11 9BA,775000,Ashton Old Road,2,30917
jpknight_21,OX10 0RL,675000,Ashton Old Road,11,32319
jpknight_22,OX10 9GH,550000,Ashton Old Road,12,27599
jpknight_23,OX10 9HF,539950,Caps Lane,13,18506
jpknight_34,OX10 9HF,625000,Caps Lane,1,18506
jpknight_24,OX10 9HR,580000,Tuley Street,14,18506
jpknight_25,OX10 9NR,539950,Gorton Road,15,18506
jpknight_77,OX10 9NR,315000,Stainburn Road,4,18506
jpknight_87,OX10 9NR,315000,Mill Street,47,18506
jpknight_26,OX10 9PP,565000,Cornwall Street,16,17932
jpknight_36,OX10 9PP,565000,Turing Close,4,17932
jpknight_27,OX11 9AN,599950,Anchor Lane,17,30917
jpknight_37,OX11 9AN,599950,Anchor Lane,0,30917
jpknight_30,OX10 6RS,485000,Compass Street,3,31506
jpknight_40,OX10 6RS,459950,Vincent Street,20,31506
jpknight_41,OX10 6RS,425000,South Street,21,31506
jpknight_54,OX10 6RS,425000,Bob Massey Close,3,31506
jpknight_31,OX10 7HR,499950,Jinnah Close,1,28408
jpknight_32,OX10 7PG,475000,Mount Farm Cottage,4,20506
jpknight_42,OX10 7PG,449950,Mount Farm Cottage,22,20506
jpknight_33,OX10 8HN,445000,Stan Jolly Walk,4,22519
jpknight_43,OX10 8HN,445000,Bill Williams Close,23,22519
jpknight_35,OX10 9NT,499950,Range Street,15,18506
jpknight_45,OX10 9NT,499950,Meech Street,25,18506
jpknight_39,OX11 9EL,500000,Coronation Street,3,30917
jpknight_48,OX11 9EL,500000,Dunston Street,28,30917
jpknight_44,OX10 9GZ,415000,Victoria Street,24,18506
jpknight_46,OX10 9QX,415000,Chisholm Street,26,17932
jpknight_49,OX44 7XR,475000,Ogden Lane,29,22453
jpknight_50,OX10 0LG,430000,Paprika Close,4,25710
jpknight_51,OX10 0NY,370000,Eccles Close,3,25710
jpknight_52,OX10 0QY,361000,Kings Orchard,4,32319
jpknight_53,OX10 6NG,375000,Ashton Old Road,4,31506
jpknight_61,OX10 6NG,365000,Ashton Old Road,31,31506
jpknight_55,OX10 8FE,362500,Whitworth Street East,4,22519
jpknight_63,OX10 8FE,362500,Cornwall Street,33,22519
jpknight_56,OX10 9BX,395000,Victoria Street,4,27599
jpknight_57,OX10 9GY,365000,Schuster Close,4,18506
jpknight_67,OX10 9GY,365000,Schuster Close,37,18506
jpknight_58,OX10 9LL,400000,Ashton Old Road,5,18506
jpknight_68,OX10 9LL,400000,Whitworth Street East,38,18506
jpknight_59,OX10 9QN,369950,Charles Road,3,18506
jpknight_60,OX10 6LY,329950,Honey Cottage,30,14466
jpknight_114,OX10 6LY,249000,Brade Close,2,14466
jpknight_122,OX10 6LY,249000,Rimmer Close,62,14466
jpknight_62,OX10 8DQ,324950,Bosworth Street,32,28771
jpknight_73,OX10 8DQ,324950,Albert Street,3,28771
jpknight_64,OX10 8HP,379950,St. Georges Road,34,19044
jpknight_65,OX10 8LA,335000,Olympic Street,35,19044
jpknight_75,OX10 8LA,335000,Holly Street,3,19044
jpknight_66,OX10 9BA,410000,Trenchard Close,36,27599
jpknight_69,OX12 8RU,325000,Metcombe Way,39,31069
jpknight_70,OX10 0FE,319950,Regency Close,3,8053
jpknight_80,OX10 0FE,319950,Regency Close,40,8053
jpknight_71,OX10 8AB,321000,Edwin Road,160,22519
jpknight_83,OX10 8AB,321000,Hillkirk Street,43,22519
jpknight_72,OX10 8BX,340000,Carmel Terrace,1,28771
jpknight_74,OX10 8EP,319950,Newnham Green,2,28771
jpknight_84,OX10 8EP,319950,Newnham Green,44,28771
jpknight_76,OX10 9HZ,310000,Willow Court Lane,10,18506
jpknight_86,OX10 9HZ,300000,Willow Court Lane,46,18506
jpknight_78,OX10 9QL,319950,Kylemore Way,1930,18506
jpknight_88,OX10 9QL,319950,Falconwood Way,48,18506
jpknight_79,OX44 7RF,350000,Barleywood Drive,5,26647
jpknight_81,OX10 0HN,295000,Capella Drive,41,8053
jpknight_132,OX10 0HN,184950,Ashton Old Road,1,8053
jpknight_151,OX10 0HN,175000,Stadium Drive,80,8053
jpknight_82,OX10 0SU,295000,Meriden Court,42,8053
jpknight_91,OX10 0SU,295000,Meriden Court,3,8053
jpknight_92,OX10 0SU,295000,Meriden Court,3,8053
jpknight_111,OX10 0SU,249950,Meriden Court,2,8053
jpknight_112,OX10 0SU,249950,Meriden Court,4,8053
jpknight_120,OX10 0SU,249950,Meriden Court,60,8053
jpknight_85,OX10 8HT,300000,Commonwealth Avenue,45,22519
jpknight_89,OX10 9QY,289950,Townley Street,49,17932
jpknight_90,OX10 0RZ,300000,Grove Cottages,12,32319
jpknight_93,OX10 6ST,285000,Monarchs Court,3,14466
jpknight_102,OX10 6ST,279950,Monarchs Court,52,14466
jpknight_115,OX10 6ST,279950,Monarchs Court,1,14466
jpknight_94,OX10 8BG,285000,Stuart Street,3,28771
jpknight_103,OX10 8BG,275000,Stuart Street,53,28771
jpknight_95,OX10 8EX,279950,Stuart Street,3,28771
jpknight_96,OX10 9BD,289950,Wandsworth Avenue,3,27599
jpknight_97,OX10 9GX,295000,Ashton New Road,3,18506
jpknight_98,OX10 9HL,285000,West Street,3,18506
jpknight_99,OX10 9QZ,294500,Tartan Street,3,17932
jpknight_100,OX10 0DT,279950,Kinecroft,50,8053
jpknight_101,OX10 0TE,277500,Charter Way,51,8053
jpknight_113,OX10 0TE,277500,Charter Way,1,8053
jpknight_104,OX10 8EA,285000,Bamford Street,54,28771
jpknight_105,OX10 8JJ,275000,Blackstone Road,55,19044
jpknight_106,OX10 9LP,279950,Theta Close,56,17932
jpknight_107,OX10 9NG,280000,Heather Street,57,17932
jpknight_108,OX10 9PD,289950,Ranelagh Street,58,17932
jpknight_109,OX10 9QT,282000,Powell Street,59,17932
jpknight_110,OX10 0HQ,265000,Ashton New Road,2,8053
jpknight_116,OX10 9AW,254950,St. Johns Road,2,27599
jpknight_117,OX10 9AW,254950,St. Johns Road,2,27599
jpknight_123,OX10 9AW,254950,St. Johns Road,63,27599
jpknight_124,OX10 9AW,254950,St. Johns Road,64,27599
jpknight_137,OX10 9AW,200000,St. Johns Road,0,27599
jpknight_147,OX10 9AW,200000,St. Johns Road,77,27599
jpknight_118,OX10 9NL,254950,Glamis Avenue,19,17932
jpknight_126,OX10 9NL,254950,Himley Road,66,17932
jpknight_119,OX10 9PE,267500,Cross Road,2,17932
jpknight_127,OX10 9PE,267500,Cross Road,67,17932
jpknight_121,OX10 0XE,265000,St. Rualds Close,61,8053
jpknight_128,OX11 9AE,249950,Clements Green,68,30917
jpknight_139,OX11 9AE,245000,Clements Green,2,30917
jpknight_130,OX10 0BW,180000,Folkestone Road West,1,8053
jpknight_131,OX10 0DX,220000,Folkestone Road,2,8053
jpknight_140,OX10 0DX,220000,Bristowe Street,70,8053
jpknight_133,OX10 0LQ,221500,McMullan Close,2,22519
jpknight_141,OX10 0LQ,221500,McMullan Close,71,22519
jpknight_134,OX10 6NN,247500,North Road,2,31506
jpknight_135,OX10 6NX,227500,Stanton Street,2,14466
jpknight_136,OX10 6NX,237000,Canberra Street,1,14466
jpknight_143,OX10 6NX,230000,Vale Street,73,14466
jpknight_144,OX10 6NX,227500,Ashton New Road,74,14466
jpknight_138,OX10 9DR,235000,Chiltern Court,1,27599
jpknight_148,OX10 9DR,235000,Chiltern Court,78,27599
jpknight_142,OX10 6LU,175000,Seymour Road South,72,14466
jpknight_150,OX10 6LU,175000,Seymour Road South,1,14466
jpknight_145,OX10 8AJ,229950,Dargai Street,75,19044
jpknight_146,OX10 8JE,215000,St. Georges Road,76,19044
jpknight_149,OX10 9LU,195000,Lydden Avenue,79,18506
oxlets_0,OX28 6FR,785,oxlets_null_0,2,19066
oxlets_1,OX18 1TQ,795,oxlets_null_1,2,31541
oxlets_42,OX18 1TQ,725,Bracken Close,2,31541
oxlets_2,OX28 5JQ,825,Vale Street,2,23556
oxlets_3,OX28 6GA,675,Ashton New Road,1,7389
oxlets_36,OX28 6GA,695,Ashton New Road,2,7389
oxlets_40,OX28 6GA,695,Clayton Lane,2,7389
oxlets_4,OX28 4DB,850,oxlets_null_2,2,19066
oxlets_5,OX18 1TF,645,Stillwater Drive,1,31541
oxlets_46,OX18 1TF,645,Walsden Street,1,31541
oxlets_6,OX28 3ST,825,Stockport Road,2,32029
oxlets_14,OX28 3ST,825,Devonshire Street,2,32029
oxlets_7,OX28 1DD,625,oxlets_null_3,1,31737
oxlets_8,OX18 1TG,595,Bracken Close,1,31541
oxlets_20,OX18 1TG,595,oxlets_null_11,1,31541
oxlets_9,OX18 3NR,1495,Culand Street,4,29216
oxlets_10,OX18 3NR,1495,oxlets_null_4,4,29216
oxlets_11,OX5 1QW,995,Richmond Grove East,3,26650
oxlets_12,OX5 1QW,995,Great Close Road,3,26650
oxlets_13,OX28 1EH,840,Lavender View,2,31737
oxlets_24,OX28 1EH,840,Polebrook Avenue,2,31737
oxlets_15,OX28 2EQ,795,Pensclose,2,19801
oxlets_16,OX28 6DE,895,Woodford Mill,2,19066
oxlets_17,OX28 6DE,895,Woodford Mill,2,19066
oxlets_38,OX28 6DE,895,Stockport Road,2,19066
oxlets_18,OX7 6AG,950,oxlets_null_10,2,31210
oxlets_19,OX28 3SY,725,Siddall Street,2,18904
oxlets_21,OX28 1EG,825,Cayton Street,2,31901
oxlets_22,OX28 1EG,825,Stovell Avenue,2,31901
oxlets_23,OX28 4TQ,695,Seddon Street,2,20974
oxlets_29,OX28 4TQ,695,oxlets_null_14,2,20974
oxlets_25,OX28 5FX,895,New Bank Street,3,30253
oxlets_26,OX28 5FX,895,Stockport Road,3,30253
oxlets_49,OX28 5FX,895,Union Street,3,30253
oxlets_27,OX18 3GH,675,oxlets_null_12,2,26082
oxlets_32,OX18 3GH,675,oxlets_null_16,2,26082
oxlets_28,OX28 3SW,1350,Hollis Close,4,32029
oxlets_30,OX28 3SR,840,Lockhart Close,2,32029
oxlets_31,OX28 5FG,775,oxlets_null_15,2,24811
oxlets_33,OX28 1BF,800,oxlets_null_17,2,31737
oxlets_34,OX18 1DF,875,oxlets_null_18,3,25718
oxlets_35,OX28 6BS,650,Stockport Road,2,7389
oxlets_39,OX29 7RA,875,Northmoor Road,3,25409
oxlets_41,OX29 7RA,875,Langport Avenue,3,25409
oxlets_43,OX28 4AT,895,Church Green,2,7389
oxlets_44,OX29 7QE,1250,oxlets_null_20,3,31191
oxlets_45,OX29 7QE,1250,oxlets_null_21,3,31191
oxlets_47,OX29 7TA,1400,Heyford Close,4,27825
oxlets_48,OX18 2JJ,725,oxlets_null_22,2,26542
oxlets_50,OX28 1EY,1050,Pine Rise,4,31901
